{
  "nodes": {
    "Assenceur1_RezDeJardin": [
      -4.5,
      0.1,
      -14.5999
    ],
    "Assenceur2_RezDeJardin": [
      -5,
      0.1,
      -21.6999
    ],
    "Atelier De Machines outils": [
      -1.4643,
      0.1,
      -23.9999
    ],
    "Bibliotheque": [
      -5.195,
      0.1,
      -22.3999
    ],
    "Bureau sport": [
      7.34195,
      0.1,
      -22.0999
    ],
    "Escalier_RezDeJardin_1": [
      -4.8969,
      0.1,
      -15.34999
    ],
    "Escalier_RezDeJardin_2": [
      -4.0151,
      0.1,
      -20.6499
    ],
    "Factory of Ensam": [
      0,
      0.1,
      -14.4
    ],
    "in1": [
      -4.35207,
      0.1,
      -15.45999
    ],
    "in10": [
      -2.3933,
      0.1,
      -21.4999
    ],
    "in11": [
      -4.7681,
      0.1,
      -22.3999
    ],
    "in12": [
      -1.56681,
      0.1,
      -22.3999
    ],
    "in13": [
      0.6319,
      0.1,
      -22.0999
    ],
    "in14": [
      0.6412,
      0.1,
      -20.7399
    ],
    "in15": [
      2.2605,
      0.1,
      -20.0999
    ],
    "in16": [
      2.9059,
      0.1,
      -17.4999
    ],
    "in17": [
      2.1474,
      0.1,
      -16.1999
    ],
    "in18": [
      2.1495,
      0.1,
      -15.1999
    ],
    "in19": [
      3.1347,
      0.1,
      -13.5999
    ],
    "in2": [
      -4.8084,
      0.1,
      -16.4999
    ],
    "in20": [
      4.8347,
      0.1,
      -13.5
    ],
    "in21": [
      7.1347,
      0.1,
      -13.4999
    ],
    "in22": [
      7.3615,
      0.1,
      -16.6999
    ],
    "in23": [
      7.1867,
      0.1,
      -19.1999
    ],
    "in24": [
      7.202,
      0.1,
      -21.2999
    ],
    "in25": [
      5.102,
      0.1,
      -21.2999
    ],
    "in26": [
      4.9925,
      0.1,
      -22.5999
    ],
    "in27": [
      3.6637,
      0.1,
      -21.1999
    ],
    "in28": [
      -3.3209,
      0.1,
      -22.2999
    ],
    "in3": [
      -2.9084,
      0.1,
      -16.4999
    ],
    "in4": [
      -0.8207,
      0.1,
      -15.7999
    ],
    "in5": [
      -0.84355,
      0.1,
      -16.6999
    ],
    "in6": [
      -0.8557,
      0.1,
      -18.1999
    ],
    "in7": [
      -0.9835,
      0.1,
      -20.1999
    ],
    "in8": [
      -2.7835,
      0.1,
      -20.2999
    ],
    "in9": [
      -4.8184,
      0.1,
      -20.21999
    ],
    "LABO de chimie 1": [
      -6.20181,
      0.1,
      -19.9
    ],
    "LABO de chimie 2": [
      -6.1458,
      0.1,
      -16.4999
    ],
    "LABO De Metallurgie": [
      7.8,
      0.1,
      -16.059999
    ],
    "LABO De Metrologie & Atelier commande numerique": [
      7.7416,
      0.1,
      -12.4999
    ],
    "LABO De Plasturgie": [
      8.8943,
      0.1,
      -16.658999
    ],
    "Learning By Doing_1": [
      3.999999,
      0.1,
      -16.92999
    ],
    "Learning By Doing_2": [
      4,
      0.1,
      -18
    ],
    "Mosque femmes": [
      4.6313,
      0.1,
      -11.4999
    ],
    "Mosque hommes": [
      7.32359,
      0.1,
      -11.4999
    ],
    "Salle Code 212": [
      -2.5132,
      0.1,
      -18.12999
    ],
    "Toilette Femme RezDeJardin": [
      -4.7809,
      0.1,
      -24.2999
    ],
    "Toilette Homme RezDeJardin": [
      5.0313,
      0.1,
      -11.4999
    ],
    "unkown1_RezDeJardin": [
      5.0094,
      0.1,
      -24.12999
    ],
    "unkown2_RezDeJardin": [
      -5.2936,
      0.1,
      -20.9999
    ]
  },
  "connections": {
    "Escalier_RezDeJardin_1": [
      "in1",
      "in2",
      "in3",
      "Assenceur1_RezDeJardin"
    ],
    "Assenceur1_RezDeJardin": [
      "in1",
      "in2",
      "Escalier_RezDeJardin_1"
    ],
    "LABO de chimie 2": [
      "in2"
    ],
    "Factory of Ensam": [
      "in4",
      "in5",
      "in18",
      "in17"
    ],
    "Salle Code 212": [
      "in6"
    ],
    "LABO de chimie 1": [
      "in8",
      "in9"
    ],
    "Escalier_RezDeJardin_2": [
      "in8",
      "in9"
    ],
    "unkown2_RezDeJardin": [
      "in9",
      "Assenceur2_RezDeJardin"
    ],
    "Assenceur2_RezDeJardin": [
      "in9",
      "unkown2_RezDeJardin"
    ],
    "Bibliotheque": [
      "in11",
      "Toilette Femme RezDeJardin"
    ],
    "Toilette Femme RezDeJardin": [
      "in11",
      "Bibliotheque"
    ],
    "Atelier De Machines outils": [
      "in12",
      "in13",
      "in10",
      "in14",
      "in7"
    ],
    "Learning By Doing_2": [
      "in16"
    ],
    "Learning By Doing_1": [
      "in16"
    ],
    "Mosque femmes": [
      "in20",
      "Toilette Homme RezDeJardin"
    ],
    "Toilette Homme RezDeJardin": [
      "in20",
      "Mosque femmes"
    ],
    "LABO De Metrologie & Atelier commande numerique": [
      "in21",
      "Mosque hommes"
    ],
    "Mosque hommes": [
      "in21",
      "LABO De Metrologie & Atelier commande numerique"
    ],
    "LABO De Metallurgie": [
      "in22",
      "in21"
    ],
    "LABO De Plasturgie": [
      "in22"
    ],
    "Bureau sport": [
      "in24"
    ],
    "unkown1_RezDeJardin": [
      "in26"
    ],
    "in1": [
      "in2",
      "in3",
      "in4",
      "in5",
      "Assenceur1_RezDeJardin",
      "Escalier_RezDeJardin_1"
    ],
    "in2": [
      "in1",
      "in3",
      "in4",
      "Escalier_RezDeJardin_1",
      "Assenceur1_RezDeJardin",
      "LABO de chimie 2"
    ],
    "in3": [
      "in1",
      "in2",
      "in4",
      "in5",
      "in17",
      "in18",
      "Escalier_RezDeJardin_1"
    ],
    "in4": [
      "in1",
      "in2",
      "in3",
      "in5",
      "in17",
      "in18",
      "Factory of Ensam"
    ],
    "in5": [
      "in4",
      "in3",
      "in1",
      "in6",
      "Factory of Ensam"
    ],
    "in6": [
      "in5",
      "in7",
      "Salle Code 212"
    ],
    "in7": [
      "in6",
      "in14",
      "in13",
      "in15",
      "in8",
      "in10",
      "in12",
      "LABO de chimie 1",
      "Atelier De Machines outils"
    ],
    "in8": [
      "in7",
      "in10",
      "in9",
      "in28",
      "in12",
      "in13",
      "in14",
      "Escalier_RezDeJardin_2"
    ],
    "in9": [
      "in8",
      "LABO de chimie 1",
      "Escalier_RezDeJardin_2",
      "unkown2_RezDeJardin",
      "Assenceur2_RezDeJardin"
    ],
    "in10": [
      "in28",
      "in8",
      "in12",
      "in13",
      "in14",
      "in27",
      "in7",
      "Atelier De Machines outils"
    ],
    "in11": [
      "in28",
      "Bibliotheque",
      "Toilette Femme RezDeJardin"
    ],
    "in12": [
      "in28",
      "in13",
      "in14",
      "in10",
      "in7",
      "in8",
      "Atelier De Machines outils"
    ],
    "in13": [
      "in28",
      "in12",
      "in10",
      "in8",
      "in7",
      "in14",
      "in27",
      "in15",
      "Atelier De Machines outils"
    ],
    "in14": [
      "in13",
      "in12",
      "in10",
      "in28",
      "in8",
      "in7",
      "in15",
      "in27",
      "Atelier De Machines outils"
    ],
    "in15": [
      "in27",
      "in14",
      "in13",
      "in7",
      "in8",
      "in16"
    ],
    "in16": [
      "in15",
      "in27",
      "in17",
      "in18",
      "in19",
      "Learning By Doing_2",
      "Learning By Doing_1"
    ],
    "in17": [
      "in16",
      "in27",
      "in15",
      "in18",
      "in19",
      "in4",
      "in3",
      "Factory of Ensam"
    ],
    "in18": [
      "in17",
      "in19",
      "in4",
      "in16",
      "Factory of Ensam"
    ],
    "in19": [
      "in18",
      "in16",
      "in17",
      "in20"
    ],
    "in20": [
      "in19",
      "in21",
      "Mosque femmes",
      "Toilette Homme RezDeJardin"
    ],
    "in21": [
      "in20",
      "in22",
      "in23",
      "Mosque hommes",
      "LABO De Metrologie & Atelier commande numerique",
      "LABO De Metallurgie"
    ],
    "in22": [
      "in21",
      "in23",
      "LABO De Metallurgie",
      "LABO De Plasturgie"
    ],
    "in23": [
      "in21",
      "in22",
      "in24"
    ],
    "in24": [
      "in23",
      "in25",
      "Bureau sport"
    ],