{
  "nodes": {
    "Entrée 1er étage_0": [
      -4.2921,
      0.1,
      20.921316
    ],
    "Entrée 1er étage_1": [
      -4.2921,
      0.1,
      17.621316
    ],
    "Salle 1-5": [
      -6.4176,
      0.1,
      20.121316
    ],
    "Labo de mécanique des points matériels": [
      -6.4376,
      0.1,
      21.50316
    ],
    "Labo de machines et commande electrique": [
      -6.4688,
      0.1,
      24.71316
    ],
    "Labo de thermodynamique": [
      -6.2618,
      0.1,
      26.521316
    ],
    "Toilette privé_1_0": [
      -5.7516,
      0.1,
      26.521316
    ],
    "Toilette Femme_1_0": [
      -5.2916,
      0.1,
      26.521316
    ],
    "Toilette Homme_1_0": [
      -4.89916,
      0.1,
      26.521316
    ],
    "Toilette privé_1_1": [
      -4.3916,
      0.1,
      26.521316
    ],
    "Labo de mécanique de structures & Labo de résistance": [
      -6.4176,
      0.1,
      16.521316
    ],
    "Labo d'automatisation et supervision industrielle": [
      -6.4176,
      0.1,
      12.321316
    ],
    "Labo de robotique et des systèmes embarqués": [
      -6.2176,
      0.1,
      12
    ],
    "Toilette Femme_1_1": [
      -5.7176,
      0.1,
      12
    ],
    "Toilette Homme_1_1": [
      -5.2776,
      0.1,
      12
    ],
    "Toilette privé_1_2": [
      -4.85,
      0.1,
      12
    ],
    "Toilette privé_1_3": [
      -4.4076,
      0.1,
      12
    ],
    "Salle 1-3": [
      -1.041788,
      0.1,
      14.221316
    ],
    "Salle 1-4": [
      -2.941788,
      0.1,
      13.721316
    ],
    "Labo de maintenance": [
      3.6738,
      0.1,
      11.921316
    ],
    "Salle 1-1": [
      4.32937,
      0.1,
      13.721316
    ],
    "Labo d'automatique et de régulation industrielle": [
      9.2439,
      0.1,
      13.1
    ],
    "Labo d'optique": [
      9.5936,
      0.1,
      13.321316
    ],
    "Amphi 1 AL-JAZARI": [
      5.9102,
      0.1,
      18.121316
    ],
    "Amphi 2 les frères BANI-MUSA": [
      5.9102,
      0.1,
      20.521316
    ],
    "Labo d'instrumentation et des circuits électriques": [
      9.2313,
      0.1,
      25.421316
    ],
    "Salle 1-7": [
      4.41913,
      0.1,
      24.8021316
    ],
    "Salle d'informatique 1_0": [
      3.60084,
      0.1,
      27.721316
    ],
    "Salle d'informatique 1_1": [
      -1.00947,
      0.1,
      24.31316
    ],
    "Labo usine 4.0 & Medical engineering Lab": [
      -2.92281,
      0.1,
      24.791316
    ],
    "inter1": [
      -4.3054,
      0.1,
      20.2
    ],
    "inter2": [
      -6.0586,
      0.1,
      20.821316
    ],
    "inter3": [
      -6.1209,
      0.1,
      24.321316
    ],
    "inter4": [
      -6.03,
      0.1,
      26.221316
    ],
    "inter5": [
      -4.5975544,
      0.1,
      26.221316
    ],
    "inter6": [
      -4.544,
      0.1,
      24.421316
    ],
    "inter7": [
      -3.5353,
      0.1,
      24.421316
    ],
    "inter8": [
      -2,
      0.1,
      22.921316
    ],
    "inter9": [
      -2.3949,
      0.1,
      20.521316
    ],
    "inter10": [
      -2.4223,
      0.1,
      19.221316
    ],
    "inter11": [
      -2.42781,
      0.1,
      17.9
    ],
    "inter12": [
      -4.32054,
      0.1,
      18.321316
    ],
    "inter13": [
      -6.1086,
      0.1,
      17.821316
    ],
    "inter14": [
      -6.2385,
      0.1,
      14.421316
    ],
    "inter15": [
      -6.051,
      0.1,
      13.821316
    ],
    "inter16": [
      -4.49917,
      0.1,
      13.81316
    ],
    "inter17": [
      -4.62386,
      0.1,
      12.2421316
    ],
    "inter18": [
      -6.051,
      0.1,
      12.321316
    ],
    "inter19": [
      -3.4194,
      0.1,
      14.321316
    ],
    "inter20": [
      -2.2871,
      0.1,
      15.121316
    ],
    "inter21": [
      -0.98291,
      0.1,
      15.721316
    ],
    "inter22": [
      1.385873,
      0.1,
      15.721316
    ],
    "inter23": [
      3.6738,
      0.1,
      15.721316
    ],
    "inter24": [
      3.68978,
      0.1,
      14
    ],
    "inter25": [
      5.9,
      0.1,
      14.921316
    ],
    "inter26": [
      7,
      0.1,
      14.921316
    ],
    "inter27": [
      9.2603,
      0.1,
      14.921316
    ],
    "inter28": [
      4.9332,
      0.1,
      18.921316
    ],
    "inter29": [
      5.2332,
      0.1,
      22.221316
    ],
    "inter30": [
      3.6738,
      0.1,
      22.721316
    ],
    "inter31": [
      1.285873,
      0.1,
      22.821316
    ],
    "inter32": [
      3.7246,
      0.1,
      24.121316
    ],
    "inter33": [
      5.4405,
      0.1,
      23.621316
    ],
    "inter34": [
      6.9085,
      0.1,
      23.621316
    ],
    "inter35": [
      9.1441,
      0.1,
      23.621316
    ],
    "inter36": [
      9.2313,
      0.1,
      25.221316
    ],
    "inter37": [
      -5.3837,
      0.1,
      20.121316
    ],
    "inter38": [
      -5.3937,
      0.1,
      18.421316
    ]
  },
  "connections": {
    "Entrée 1er étage_0": [
      "inter1",
      "inter9",
      "inter10",
      "inter2",
      "inter37",
      "Salle 1-5"
    ],
    "Entrée 1er étage_1": [
      "inter12",
      "inter11",
      "inter13",
      "inter10",
      "inter9",
      "inter38"
    ],
    "Salle 1-5": [
      "inter2",
      "inter37",
      "Entrée 1er étage_0",
      "inter38",
      "inter13",
      "Entrée 1er étage_1",
      "Labo de mécanique des points matériels",
      "inter1"
    ],
    "Labo de mécanique des points matériels": [
      "inter2",
      "Salle 1-5",
      "inter37",
      "inter3",
      "inter13"
    ],
    "Labo de machines et commande electrique": [
      "inter3",
      "inter6",
      "inter4",
      "Labo de thermodynamique",
      "Toilette privé_1_0",
      "inter7"
    ],
    "Labo de thermodynamique": [
      "inter4",
      "inter3",
      "Labo de machines et commande electrique",
      "inter5",
      "Toilette privé_1_0"
    ],
    "Toilette privé_1_0": [
      "inter4",
      "inter5",
      "Labo de thermodynamique",
      "Toilette Femme_1_0"
    ],
    "Toilette Femme_1_0": [
      "inter4",
      "inter5",
      "Toilette privé_1_0",
      "Toilette Homme_1_0"
    ],
    "Toilette Homme_1_0": [
      "inter4",
      "inter5",
      "Toilette privé_1_1",
      "Toilette Femme_1_0"
    ],
    "Toilette privé_1_1": [
      "inter4",
      "inter5",
      "Toilette Homme_1_0"
    ],
    "Labo de mécanique de structures & Labo de résistance": [
      "inter13",
      "inter14"
    ],
    "Labo d'automatisation et supervision industrielle": [
      "inter18",
      "inter15",
      "inter14",
      "Labo de robotique et des systèmes embarqués",
      "Toilette Femme_1_1"
    ],
    "Labo de robotique et des systèmes embarqués": [
      "Labo d'automatisation et supervision industrielle",
      "inter18",
      "Toilette Femme_1_1",
      "inter15",
      "inter14"
    ],
    "Toilette Femme_1_1": [
      "Labo d'automatisation et supervision industrielle",
      "Labo de robotique et des systèmes embarqués",
      "inter18",
      "Toilette Homme_1_1",
      "inter17"
    ],
    "Toilette Homme_1_1": [
      "Toilette Femme_1_1",
      "inter18",
      "inter17",
      "Toilette privé_1_2"
    ],
    "Toilette privé_1_2": [
      "inter18",
      "inter17",
      "Toilette Homme_1_1",
      "Toilette privé_1_3"
    ],
    "Toilette privé_1_3": [
      "inter18",
      "inter17",
      "Toilette privé_1_2",
      "inter16"
    ],
    "Salle 1-3": [
      "Salle 1-4",
      "inter21",
      "inter20",
      "inter19",
      "inter11"
    ],
    "Salle 1-4": [
      "Salle 1-3",
      "inter21",
      "inter20",
      "inter19",
      "inter11"
    ],
    "Labo de maintenance": [
      "inter24"
    ],
    "Salle 1-1": [
      "inter24"
    ],
    "Labo d'automatique et de régulation industrielle": [
      "Labo d'optique",
      "inter27"
    ],
    "Labo d'optique": [
      "Labo d'automatique et de régulation industrielle",
      "inter27"
    ],