{
  "nodes": {
    "Acceuil": [
      -7.2,
      0.181557,
      0.000616
    ],
    "Hallway1": [
      -5.864243,
      0.191557,
      0.000616
    ],
    "Hallway2": [
      -3.55177,
      0.081557,
      0.000616
    ],
    "Bureau Affaires des étudiants": [
      -6.13026,
      0.14613,
      3.024616
    ],
    "parent_s1": [
      -5.84243,
      0.17279,
      4.124616
    ],
    "parent_ss1": [
      -6.41363,
      0.11192,
      6.124616
    ],
    "Service Scolarité": [
      -7.19775,
      0.16934,
      4.124616
    ],
    "Chef du Département Recherche, Coopération, Partenariat et Formation": [
      -5.98474,
      0.1629,
      7.124616
    ],
    "unkown_floor0_1": [
      -3.77839,
      0.1629,
      7.124616
    ],
    "Toilette(sauf personnel)": [
      -3.35664,
      0.0629,
      7.124616
    ],
    "parent_s2": [
      -1.92614,
      0.10317,
      4.124616
    ],
    "Services informatiques et réseau": [
      -6.21008,
      0.1273,
      -2.875384
    ],
    "Labo Prototypage rapide": [
      -6.19834,
      0.15316,
      -3.575384
    ],
    "Labo impression 3D": [
      -5.76351,
      0.16377,
      -3.875384
    ],
    "Escalier2 1er & 2éme étage": [
      -4.11783,
      0.13703,
      -1.675384
    ],
    "unkown_floor0_2": [
      -2.94802,
      0.18873,
      -1.875384
    ],
    "Assenseur2": [
      -3.46789,
      0.13406,
      -3.875384
    ],
    "Escalier1 1er & 2éme étage": [
      -4.10476,
      0.110443,
      1.124616
    ],
    "Escalier rez de jardin": [
      -2.99162,
      0.08563,
      2.124616
    ],
    "Assenseur1": [
      -3.62639,
      0.17259,
      3.424616
    ],
    "Hallway3": [
      -0.625051,
      0.081557,
      0.000616
    ],
    "Hallway4": [
      -0.625051,
      0.2,
      2.5
    ],
    "Buvette du personnel, enseignant et administration": [
      -1.55764,
      0.16883,
      5.824616
    ],
    "RC-3": [
      0.454286,
      0.14944,
      5.824616
    ],
    "Hallway5": [
      1.40332,
      0.21287,
      3.724616
    ],
    "Hallway6": [
      3.39579,
      0.10622,
      4.824616
    ],
    "Hallway7": [
      3.39579,
      0.160598,
      0.124616
    ],
    "Labo de transfert d’energie & Labo de machines thermique": [
      4.67912,
      0.12202,
      5.924616
    ],
    "parent_s3": [
      5.02477,
      0.13442,
      5.124616
    ],
    "Toilette Homme_0": [
      5.95299,
      0.17104,
      7.124616
    ],
    "Toilette Femme_0": [
      6.49573,
      0.17104,
      7.124616
    ],
    "Labo de mecanique fluide": [
      8.2694,
      0.12071,
      4.724616
    ],
    "unkown_floor0_3": [
      3.22803,
      0.18905,
      -5.875384
    ],
    "Hallway8": [
      3.39579,
      0.19065,
      -4.675384
    ],
    "Labo de simulation D’electronique de puissance": [
      4.74535,
      0.11803,
      -6.175384
    ],
    "parent_s4": [
      4.98681,
      0.18755,
      -5.275384
    ],
    "Personnel_floor0_1": [
      8.19746,
      0.16755,
      -5.275384
    ],
    "Personnel_floor0_2": [
      8.19746,
      0.18381,
      -6.55384
    ],
    "Personnel_floor0_3": [
      7.92272,
      0.12612,
      -6.975384
    ],
    "Personnel_floor0_4": [
      5.35298,
      0.14195,
      -7.375384
    ],
    "Hallway9": [
      -0.175508,
      0.16856,
      -3.275384
    ],
    "RC-2": [
      -1.72925,
      0.1853,
      -6.175384
    ],
    "RC-1": [
      0.517183,
      0.17784,
      -6.175384
    ],
    "parent_s5": [
      -1.72925,
      0.20179,
      -4.375384
    ],
    "parent_ss5": [
      -2.53595,
      0.19378,
      -4.575384
    ],
    "Labo Electrotechnique Etude energie renouvelable": [
      -2.66237,
      0.14533,
      -7.275384
    ],
    "Salle de Conférences": [
      4.19632,
      0.20683,
      2.124616
    ]
  },
  "connections": {
    "Acceuil": [
      "Hallway1"
    ],
    "Hallway1": [
      "Acceuil",
      "Hallway2",
      "Bureau Affaires des étudiants",
      "Services informatiques et réseau",
      "Labo Prototypage rapide",
      "Labo impression 3D",
      "parent_s1"
    ],
    "Bureau Affaires des étudiants": [
      "Hallway1",
      "parent_s1"
    ],
    "parent_s1": [
      "Bureau Affaires des étudiants",
      "parent_ss1",
      "Hallway1",
      "Chef du Département Recherche, Coopération, Partenariat et Formation",
      "unkown_floor0_1",
      "Toilette(sauf personnel)",
      "parent_s2"
    ],
    "parent_ss1": [
      "Bureau Affaires des étudiants",
      "Service Scolarité",
      "Chef du Département Recherche, Coopération, Partenariat et Formation",
      "unkown_floor0_1",
      "Toilette(sauf personnel)",
      "parent_s2"
    ],
    "Service Scolarité": [
      "parent_ss1"
    ],
    "Chef du Département Recherche, Coopération, Partenariat et Formation": [
      "parent_s1",
      "parent_ss1"
    ],
    "unkown_floor0_1": [
      "parent_s1",
      "Chef du Département Recherche, Coopération, Partenariat et Formation",
      "Toilette(sauf personnel)",
      "parent_s2",
      "parent_ss1"
    ],
    "Toilette(sauf personnel)": [
      "parent_s1",
      "Chef du Département Recherche, Coopération, Partenariat et Formation",
      "unkown_floor0_1",
      "parent_s2",
      "parent_ss1"
    ],
    "parent_s2": [
      "parent_s1",
      "Chef du Département Recherche, Coopération, Partenariat et Formation",
      "unkown_floor0_1",
      "Toilette(sauf personnel)",
      "Buvette du personnel, enseignant et administration",
      "RC-3",
      "Hallway4",
      "Hallway5",
      "Hallway6",
      "parent_ss1"
    ],
    "Buvette du personnel, enseignant et administration": [
      "parent_s2",
      "RC-3",
      "Hallway4",
      "Hallway5",
      "Hallway6"
    ],
    "RC-3": [
      "parent_s2",
      "Buvette du personnel, enseignant et administration",
      "Hallway4",
      "Hallway5"
    ],
    "Hallway4": [
      "parent_s2",
      "Buvette du personnel, enseignant et administration",
      "RC-3",
      "Hallway3",
      "Hallway5",
      "Hallway7",
      "Salle de Conférences"
    ],
    "Hallway5": [
      "parent_s2",
      "Hallway4",
      "Hallway6",
      "Buvette du personnel, enseignant et administration",
      "RC-3",
      "Hallway7",
      "Salle de Conférences"
    ],
    "Hallway6": [
      "Hallway5",
      "Hallway7",
      "parent_s3",
      "Labo de transfert d’energie & Labo de machines thermique",
      "Salle de Conférences"
    ],
    "parent_s3": [
      "Hallway6",
      "Labo de transfert d’energie & Labo de machines thermique",
      "Toilette Homme_0",
      "Labo de mecanique fluide"
    ],
    "Labo de transfert d’energie & Labo de machines thermique": [
      "Hallway6",
      "parent_s3"
    ],
    "Toilette Homme_0": [
      "parent_s3",
      "Toilette Femme_0"
    ],
    "Toilette Femme_0": [
      "Toilette Homme_0"
    ],
   
    "Labo de mecanique fluide": [
      "parent_s3"
    ],
    "Hallway7": [
      "Hallway5",
      "Hallway6",
      "Hallway8",
      "Hallway9",
      "RC-3",
      "Salle de Conférences"
    ],
    "Hallway8": [
      "parent_s4",
      "unkown_floor0_3",
      "Labo de simulation D’electronique de puissance",
      "Hallway7",
      "Hallway9",
      "Salle de Conférences"
    ],
    "Salle de Conférences": [
      "Hallway4",
      "Hallway5",
      "Hallway6",
      "Hallway7",
      "Hallway8"
    ],
    "unkown_floor0_3": [
      "parent_s4",
      "Labo de simulation D’electronique de puissance",
      "Hallway8"
    ],
    "Labo de simulation D’electronique de puissance": [
      "parent_s4",
      "unkown_floor0_3",
      "Hallway8"
    ],
    "parent_s4": [
      "unkown_floor0_3",
      "Labo de simulation D’electronique de puissance",
      "Hallway8",
      "Personnel_floor0_1",
      "Personnel_floor0_4"
    ],
    "Personnel_floor0_4": [
      "parent_s4",
      "Personnel_floor0_3",
      "Personnel_floor0_2"
    ],