{
  "nodes": {
    "AMPHI ABBAS IBN FIRNAS": [
      8.7333,
      0.1,
      44.1035
    ],
    "AMPHI AL-KHAWARIZMI": [
      8.72743,
      0.1,
      36.1535
    ],
    "Assenseur1": [
      -4.325,
      0.1,
      42.6535
    ],
    "Assenseur2": [
      -4.3518,
      0.1,
      37.5935
    ],
    "Centre de certification Pearson Vue": [
      4.56,
      0.1,
      45.165
    ],
    "DEPARTEMENT GENIE ELECTRIQUE": [
      6.294,
      0.1,
      34.1035
    ],
    "DEPARTEMENT GENIE INDUSTRIEL & INFORMATIQUE": [
      6.2108,
      0.1,
      44.9035
    ],
    "Directeur": [
      -5.8767,
      0.1,
      46.7035
    ],
    "Directeur adjoint": [
      -4.6467,
      0.1,
      47.5035
    ],
    "Escalier1 1er etage, Rez de chausse": [
      -3.3858,
      0.1,
      42.4035
    ],
    "Escalier2 1er etage, Rez de chausse": [
      -3.368,
      0.1,
      37.8035
    ],
    "i1": [
      -3.3858,
      0.1,
      41.7035
    ],
    "i10": [
      -2.9893,
      0.1,
      46.7035
    ],
    "i11": [
      -1.9819,
      0.1,
      43.9035
    ],
    "i13": [
      -1.946,
      0.1,
      41.6035
    ],
    "i14": [
      -1.946,
      0.1,
      40.17335
    ],
    "i15": [
      -1.946,
      0.1,
      38.6035
    ],
    "i16": [
      -3.3359,
      0.1,
      38.6035
    ],
    "i17": [
      -4.7932,
      0.1,
      38.7035
    ],
    "i18": [
      -5.5596,
      0.1,
      37.6635
    ],
    "i2": [
      -4.9116,
      0.1,
      41.6035
    ],
    "i20": [
      -5.4596,
      0.1,
      34.7035
    ],
    "i21": [
      -5.4912,
      0.1,
      33.1035
    ],
    "i22": [
      -3.99999999,
      0.1,
      33.1035
    ],
    "i23": [
      -3.9983,
      0.1,
      34.8
    ],
    "i24": [
      -3.1746,
      0.1,
      35.235
    ],
    "i25": [
      -2.046,
      0.1,
      36.2035
    ],
    "i26": [
      -0.5213,
      0.1,
      36.6035
    ],
    "i27": [
      1.9542,
      0.1,
      36.6035
    ],
    "i28": [
      4.3937,
      0.1,
      36.4035
    ],
    "i29": [
      5.9566,
      0.1,
      35.8035
    ],
    "i3": [
      -5.5013,
      0.1,
      42.6035
    ],
    "i30": [
      6.6237,
      0.1,
      35.7035
    ],
    "i31": [
      8.6743,
      0.1,
      35.7035
    ],
    "i32": [
      8.7801,
      0.1,
      34.1835
    ],
    "i33": [
      5.554,
      0.1,
      37.55035
    ],
    "i34": [
      5.554,
      0.1,
      40.2035
    ],
    "i35": [
      5.454,
      0.1,
      42.5
    ],
    "i36": [
      6.5633,
      0.1,
      44.5035
    ],
    "i37": [
      8.7275,
      0.1,
      44.6035
    ],
    "i38": [
      8.7616,
      0.1,
      46.3035
    ],
    "i39": [
      6.1955,
      0.1,
      46.2035
    ],
    "i4": [
      -5.6658,
      0.1,
      45
    ],
    "i40": [
      4.32928,
      0.1,
      44.6035
    ],
    "i41": [
      4.345,
      0.1,
      46.3035
    ],
    "i42": [
      4.3937,
      0.1,
      43.5035
    ],
    "i43": [
      1.9542,
      0.1,
      43.6035
    ],
    "i44": [
      -0.5213,
      0.1,
      43.6035
    ],
    "i46": [
      -3.9004,
      0.1,
      47.8035
    ],
    "i47": [
      6.6733,
      0.1,
      33.6035
    ],
    "i48": [
      4.3733,
      0.1,
      34.1035
    ],
    "i5": [
      -5.4864,
      0.1,
      45.5535
    ],
    "i6": [
      -5.4664,
      0.1,
      47.3035
    ],
    "i7": [
      -4.1092,
      0.1,
      47.2535
    ],
    "i8": [
      -3.954,
      0.1,
      45.5035
    ],
    "i9": [
      -3.054,
      0.1,
      45.235
    ],
    "DEPARTEMENT GENIE MECANIQUE": [
      -5.645,
      0.1,
      35.4035
    ],
    "LABO D'E-LOGISTIQUE": [
      -5.8628,
      0.1,
      42.4035
    ],
    "LABO DE TECHNOLOGIES IMMERSIVES": [
      4.58,
      0.1,
      35.1035
    ],
    "LABO DES SYSTEMES D'INFORMATION INTEGRES": [
      -5.856,
      0.1,
      37.8035
    ],
    "Salle 2-1": [
      4.4163,
      0.1,
      33.28
    ],
    "Salle 2-2": [
      4.116,
      0.1,
      35.1035
    ],
    "Salle 2-3": [
      4.09708,
      0.1,
      46.9035
    ],
    "Salle 2-4": [
      4.4826,
      0.1,
      47.0035
    ],
    "Salle d'informatique2_0": [
      6.5813,
      0.1,
      39.4035
    ],
    "Salle d'informatique2_1": [
      6.5813,
      0.1,
      41.1035
    ],
    "Salle de reunions MIRIAM AL-ASTROLABIYA": [
      -5.8328,
      0.1,
      41.1035
    ],
    "Service financier": [
      -3.2382,
      0.1,
      48.1035
    ],
    "Secretaire general": [
      -5.8767,
      0.1,
      45.6035
    ],
    "Unkown1": [
      -4.004,
      0.1,
      48.2035
    ],
    "Unkown10": [
      9.0677,
      0.1,
      46.8035
    ],
    "Unkown11": [
      6.9971,
      0.1,
      44.7635
    ],
    "Unkown12": [
      -2.5801,
      0.1,
      35.1035
    ],
    "Unkown13": [
      -2.6351,
      0.1,
      32.3035
    ],
    "Unkown14": [
      -3.1965,
      0.1,
      32.2522
    ],
    "Unkown15": [
      -3.7096,
      0.1,
      32.1035
    ],
    "Unkown16": [
      -3.98,
      0.1,
      32.1035
    ],
    "Unkown17": [
      -4.685,
      0.1,
      32.8035
    ],
    "Unkown18": [
      -5.8783,
      0.1,
      33.6035
    ],
    "Unkown19": [
      6,
      0.1,
      33.6035
    ],
    "Unkown2": [
      -3.745,
      0.1,
      48.1035
    ],
    "Unkown21": [
      7.1064,
      0.1,
      35.5035
    ],
    "Unkown22": [
      6.6856,
      0.1,
      32.6035
    ],
    "Unkown24": [
      7.5987,
      0.1,
      33.3735
    ],
    "Unkown25": [
      7.1987,
      0.1,
      33.3735
    ],
    "Unkown26": [
      8.087,
      0.1,
      33.3735
    ],
    "Unkown27": [
      8.4987,
      0.1,
      33.3535
    ],
    "Unkown28": [
      8.9704,
      0.1,
      33.3435
    ],
    "Unkown29": [
      9.2017,
      0.1,
      33.4435
    ],
    "Unkown3": [
      -2.66899,
      0.1,
      48.0035
    ],
    "Unkown30": [
      8.8727,
      0.1,
      34.6535
    ],
    "Unkown31": [
      8.8948,
      0.1,
      34.97
    ],
    "Unkown4": [
      -2.5699,
      0.1,
      45.2035
    ],
    "Unkown5": [
      5.8893,
      0.1,
      46.6035
    ],
    "Unkown6": [
      7.187,
      0.1,
      46.8035
    ],
    "Unkown7": [
      7.568,
      0.1,
      46.8035
    ],
    "Unkown8": [
      8.1678,
      0.1,
      46.8035
    ],
    "Unkown9": [
      8.5627,
      0.1,
      46.8535
    ]
  },
  "connections": {
    "Escalier1 1er etage, Rez de chausse": [
      "i1",
      "i2",
      "i3",
      "Assenseur1"
    ],
    "Assenseur1": [
      "Escalier1 1er etage, Rez de chausse",
      "i1",
      "i2",
      "i3",
      "Salle de reunions MIRIAM AL-ASTROLABIYA"
    ],
    "Salle de reunions MIRIAM AL-ASTROLABIYA": [
      "LABO D'E-LOGISTIQUE",
      "i3",
      "Assenseur1",
      "i2",
      "i17",
      "i18",
      "LABO DES SYSTEMES D'INFORMATION INTEGRES"
    ],
    "LABO D'E-LOGISTIQUE": [
      "Salle de reunions MIRIAM AL-ASTROLABIYA",
      "i3",
      "i4",
      "i2",
      "i17",
      "i18"
    ],
    "Secretaire general": [
      "Directeur",
      "i4",
      "i5",
      "i6"
    ],
    "Directeur": [
      "Secretaire general",
      "i4",
      "i5",
      "i6"
    ],
    "Directeur adjoint": [
      "i6",
      "i7",
      "i46"
    ],
    "Service financier": [
      "Unkown3",
      "i10"
    ],
    "Salle 2-3": [
      "Salle 2-4",
      "i41"
    ],
    "Salle 2-4": [
      "Salle 2-3",
      "i41"
    ],
    "Centre de certification Pearson Vue": [
      "i41",
      "i40"
    ],
    "DEPARTEMENT GENIE INDUSTRIEL & INFORMATIQUE": [
      "i36",
      "i39"
    ],
    "AMPHI ABBAS IBN FIRNAS": [
      "i37"
    ],
    "Salle d'informatique2_1": [
      "Salle d'informatique2_0",
      "i36",
      "i35",
      "i34",
      "i33",
      "i29"
    ],
    "Salle d'informatique2_0": [
      "Salle d'informatique2_0",
      "i35",
      "i34",
      "i33",
      "i29",
      "i30",
      "DEPARTEMENT GENIE INDUSTRIEL & INFORMATIQUE"
    ],